{
  "!type": "Image",
  "borderColor": "",
  "borderStyle": "",
  "borderWidth": "",
  "bottom": "auto",
  "cached_js": "",
  "cached_js_script_hash": "d41d8cd98f00b204e9800998ecf8427e",
  "children": [],
  "class": "",
  "display": "",
  "expanded_pmp": null,
  "height": 73,
  "hidden": "",
  "id": "imgSig",
  "left": 7,
  "mAll": "",
  "mBottom": "",
  "mLeft": "",
  "mRight": "",
  "mTop": "",
  "onclick": "",
  "onmousedown": "",
  "onmousemove": "",
  "onmouseout": "",
  "onmouseup": "",
  "onresize": "",
  "ontouchend": "",
  "ontouchmove": "",
  "ontouchstart": "",
  "right": "auto",
  "script": "",
  "src": "",
  "style": "",
  "top": 311,
  "width": 293
}