{
  "!type": "Signature",
  "backgroundColor": "",
  "borderColor": "gray",
  "borderStyle": "dotted",
  "borderWidth": "2",
  "bottom": "auto",
  "cached_js": "",
  "cached_js_script_hash": "d41d8cd98f00b204e9800998ecf8427e",
  "children": [],
  "class": "",
  "display": "",
  "dotSize": "",
  "expanded_pmp": null,
  "height": 150,
  "hidden": "",
  "id": "sigDone",
  "left": 8,
  "maxWidth": "",
  "minDistance": "",
  "minWidth": "",
  "onclick": "",
  "onmousedown": "",
  "onmousemove": "",
  "onmouseout": "",
  "onmouseup": "",
  "onresize": "",
  "ontouchend": "",
  "ontouchmove": "",
  "ontouchstart": "",
  "penColor": "",
  "right": "auto",
  "script": "",
  "style": "",
  "throttle": "",
  "top": 25,
  "velocityFilterWeight": "",
  "width": 300
}