{
  "!type": "Label",
  "align": "left",
  "alignVertical": "top",
  "backgroundColor": "",
  "borderColor": "",
  "borderStyle": "",
  "borderWidth": "",
  "bottom": "auto",
  "cached_js": "",
  "cached_js_script_hash": "d41d8cd98f00b204e9800998ecf8427e",
  "children": [],
  "class": "",
  "color": "",
  "display": "",
  "expanded_pmp": null,
  "fontFamily": "",
  "fontSize": 16,
  "fontStyle": "",
  "fontWeight": "bold",
  "height": 67,
  "hidden": "",
  "id": "lblAnswer",
  "left": 28,
  "mAll": "",
  "mBottom": "",
  "mLeft": "",
  "mRight": "",
  "mTop": "",
  "onclick": "",
  "onmousedown": "",
  "onmousemove": "",
  "onmouseout": "",
  "onmouseup": "",
  "onresize": "",
  "ontouchend": "",
  "ontouchmove": "",
  "ontouchstart": "",
  "pAll": "",
  "pBottom": "",
  "pLeft": "",
  "pRight": "",
  "pTop": "",
  "right": "auto",
  "script": "",
  "style": "",
  "text": "answer",
  "top": 277,
  "width": 280
}