{
  "!type": "Checkbox_bs4",
  "backgroundColor": "",
  "badge": "",
  "badgeAppearance": " badge-secondary",
  "bottom": "auto",
  "cached_js": "",
  "cached_js_script_hash": "d41d8cd98f00b204e9800998ecf8427e",
  "children": [],
  "class": "",
  "color": "",
  "disabled": "",
  "display": "",
  "expanded_pmp": null,
  "fontFamily": "",
  "fontSize": "",
  "fontStyle": "oblique",
  "fontWeight": "300",
  "footer": "",
  "header": "Check Box",
  "headerCols": 2,
  "height": 63,
  "hidden": "",
  "icon": "",
  "iconTitle": "",
  "id": "Checkbox1",
  "inline": "",
  "inputmode": "",
  "items": "Workou\nShower\nDo homework",
  "left": 21,
  "mAll": "",
  "mBottom": "",
  "mLeft": "",
  "mRight": "",
  "mTop": "",
  "name": "",
  "onchange": "",
  "onclick": "",
  "oncopy": "",
  "oncut": "",
  "onfocusin": "",
  "onfocusout": "",
  "oninput": "",
  "onmousedown": "",
  "onmousemove": "",
  "onmouseout": "",
  "onmouseup": "",
  "onpaste": "",
  "onresize": "",
  "ontouchend": "",
  "ontouchmove": "",
  "ontouchstart": "",
  "pAll": "",
  "pBottom": "",
  "pLeft": "",
  "pRight": "",
  "pTop": "",
  "popBody": "Body",
  "popClose": "hover",
  "popPosition": "",
  "popStyle": "popover",
  "popTitle": "Title",
  "required": "",
  "right": "auto",
  "script": "",
  "style": "",
  "top": 292,
  "validation": "",
  "value": "",
  "valueCols": 10,
  "width": 158
}