{
  "!type": "DateTimeInput_jqw",
  "bottom": "auto",
  "cached_js": "",
  "cached_js_script_hash": "d41d8cd98f00b204e9800998ecf8427e",
  "children": [],
  "class": "",
  "closeCalendarAfterSelection": "true",
  "disabled": "false",
  "display": "",
  "dropDownHorizontalAlignment": "right",
  "enableBrowserBoundsDetection": "true",
  "expanded_pmp": null,
  "formatString": "MM/dd/yyyy",
  "height": 30,
  "hidden": "",
  "id": "DateTimeInput1",
  "left": 23,
  "name": "",
  "onclick": "",
  "onmousedown": "",
  "onmousemove": "",
  "onmouseout": "",
  "onmouseup": "",
  "onresize": "",
  "ontouchend": "",
  "ontouchmove": "",
  "ontouchstart": "",
  "right": "auto",
  "rtl": "false",
  "script": "",
  "selectionMode": "default",
  "showCalendarButton": "true",
  "showFooter": "false",
  "style": "",
  "theme": "metrodark",
  "top": 21,
  "width": 100
}