{
  "!type": "Label",
  "align": "left",
  "alignVertical": "top",
  "backgroundColor": "",
  "borderColor": "",
  "borderStyle": "",
  "borderWidth": "",
  "bottom": "auto",
  "cached_js": "",
  "cached_js_script_hash": "d41d8cd98f00b204e9800998ecf8427e",
  "children": [],
  "class": "",
  "color": "",
  "display": "",
  "expanded_pmp": null,
  "fontFamily": "",
  "fontSize": "10",
  "fontStyle": "italic",
  "fontWeight": "bold",
  "height": 28,
  "hidden": "",
  "id": "lblCal",
  "left": 3,
  "mAll": "",
  "mBottom": "",
  "mLeft": "",
  "mRight": "",
  "mTop": "",
  "onclick": "",
  "onmousedown": "",
  "onmousemove": "",
  "onmouseout": "",
  "onmouseup": "",
  "onresize": "",
  "ontouchend": "",
  "ontouchmove": "",
  "ontouchstart": "",
  "pAll": "",
  "pBottom": "",
  "pLeft": "",
  "pRight": "",
  "pTop": "",
  "right": "auto",
  "script": "",
  "style": "",
  "text": "Chenged from MM/dd/yyyy to dd/MM/yy and the theme of the display from default",
  "top": 68,
  "width": 175
}